index,Model,Train Error,Test Error,Train r2 score,Test r2 score,Best Parameters,Computational Time (sec)
0,LinearRegression,147.9057714554423,145.6074628826,0.3373166063068558,0.34667069004817275,{'normalize': False},0.07395100593566895
0,KNN,72.18612979250344,78.42565263284258,0.8421504450502804,0.8104686064727883,{'n_neighbors': 15},1.3813700675964355
0,RandomForest,63.84562336451382,70.52234648578538,0.8765195769081053,0.8467436842061951,"{'max_depth': 10, 'n_estimators': 200}",111.8059561252594
