index,Model,Train Error,Test Error,Train r2 score,Test r2 score,Best Parameters,Computational Time (sec)
0,LinearRegression,147.9057714554423,145.6074628826,0.3373166063068558,0.34667069004817275,{'normalize': False},0.06534814834594727
0,KNN,72.18612979250344,78.42565263284258,0.8421504450502804,0.8104686064727883,{'n_neighbors': 15},1.2653210163116455
0,RandomForest,63.8616629998845,70.43335881418753,0.8764575263040564,0.847130209016129,"{'max_depth': 10, 'n_estimators': 100}",104.94079208374023
