index,Model,Train Error,Test Error,Train r2 score,Test r2 score,Best Parameters,Computational Time (sec)
0,LinearRegression,147.9057714554423,145.6074628826,0.3373166063068558,0.34667069004817264,{'normalize': False},0.13697099685668945
0,KNN,72.18612979250344,78.42565263284258,0.8421504450502804,0.8104686064727883,{'n_neighbors': 15},3.275000810623169
0,RandomForest,63.77211821905558,70.59277098859738,0.8768037380188902,0.8464374440030986,"{'max_depth': 10, 'n_estimators': 200}",170.84400177001953
