index,Model,Train Error,Test Error,Train r2 score,Test r2 score,Best Parameters,Computational Time (sec)
0,LinearRegression,147.9057714554423,145.6074628826,0.3373166063068558,0.34667069004817275,{'normalize': False},0.08661389350891113
0,KNN,72.18612979250344,78.42565263284258,0.8421504450502804,0.8104686064727883,{'n_neighbors': 15},1.5094521045684814
0,RandomForest,63.725797854932175,70.57362765286005,0.8769826382479974,0.8465207188464389,"{'max_depth': 10, 'n_estimators': 100}",125.63139486312866
