index,Model,Train Error,Test Error,Train r2 score,Test r2 score,Best Parameters,Computational Time (sec)
0,LinearRegression,147.9057714554423,145.6074628826,0.3373166063068558,0.34667069004817275,{'normalize': False},0.058534860610961914
0,KNN,72.18612979250344,78.42565263284258,0.8421504450502804,0.8104686064727883,{'n_neighbors': 15},1.296684980392456
0,RandomForest,63.819101344601265,70.57788270890282,0.8766221452548859,0.8465022110085451,"{'max_depth': 10, 'n_estimators': 50}",106.9374828338623
