index,Model,Train Error,Test Error,Train r2 score,Test r2 score,Best Parameters,Computational Time (sec)
0,LinearRegression,147.9057714554423,145.6074628826,0.3373166063068558,0.34667069004817275,{'normalize': False},0.12248992919921875
0,KNN,72.18612979250344,78.42565263284258,0.8421504450502804,0.8104686064727883,{'n_neighbors': 15},2.711760997772217
0,RandomForest,63.664144499404856,70.54177010113199,0.8772205564697018,0.8466592513471889,"{'max_depth': 10, 'n_estimators': 200}",235.23997378349304
