,season,mnth,hr,holiday,workingday,weathersit,temp,atemp,hum,windspeed,cnt
count,13904.0,13904.0,13904.0,13904.0,13904.0,13904.0,13904.0,13904.0,13904.0,13904.0,13904.0
mean,2.5055379746835444,6.546461449942463,11.525891829689298,0.02984752589182969,0.6854861910241657,1.42692750287687,31.364313866513964,47.40589873417777,62.62485615650173,14.31888739313455,189.62435270425777
std,1.1068751158941996,3.442690406343637,6.892223595745102,0.1701726589460317,0.4643386479876504,0.6409595917256966,9.068495507203632,11.368405933759675,19.283208715530314,6.68912995877863,181.69697431838682
min,1.0,1.0,0.0,0.0,0.0,1.0,8.94,16.0,0.0,6.0032,1.0
25%,2.0,4.0,6.0,0.0,0.0,1.0,23.98,37.9978,47.0,8.9981,40.0
50%,3.0,7.0,12.0,0.0,1.0,1.0,31.5,47.9968,62.0,12.998,142.0
75%,3.0,10.0,17.0,0.0,1.0,2.0,39.02,56.9992,78.0,16.997899999999998,281.0
max,4.0,12.0,23.0,1.0,1.0,4.0,55.0,82.0,100.0,56.9969,977.0
